name,TAXRANK_target,is_a,target,source,TAXRANK_source
Prosopium,genus,Salmonidae,Prosopium,Salmonidae,family
Coregonus,genus,Salmonidae,Coregonus,Salmonidae,family
Stenodus,genus,Salmonidae,Stenodus,Salmonidae,family
Hucho,genus,Salmonidae,Hucho,Salmonidae,family
Parahucho,genus,Salmonidae,Parahucho,Salmonidae,family
Salmo,genus,Salmonidae,Salmo,Salmonidae,family
Salvelinus,genus,Salmonidae,Salvelinus,Salmonidae,family
Oncorhynchus,genus,Salmonidae,Oncorhynchus,Salmonidae,family
Salvethymus,genus,Salmonidae,Salvethymus,Salmonidae,family
Brachymystax,genus,Salmonidae,Brachymystax,Salmonidae,family
Thymallus,genus,Salmonidae,Thymallus,Salmonidae,family
Salmonidae,family,Salmoniformes,Salmonidae,Salmoniformes,order
Salmoniformes,order,Protacanthopterygii,Salmoniformes,Protacanthopterygii,
Protacanthopterygii,,Euteleostei,Protacanthopterygii,Euteleostei,
Euteleostei,,Teleostei,Euteleostei,Teleostei,
Prosopium spilonotus,species,Prosopium,spilonotus,Prosopium,genus
Prosopium gemmifer,species,Prosopium,gemmifer,Prosopium,genus
Prosopium coulterii,species,Prosopium,coulterii,Prosopium,genus
Prosopium williamsoni,species,Prosopium,williamsoni,Prosopium,genus
Prosopium abyssicola,species,Prosopium,abyssicola,Prosopium,genus
Prosopium cylindraceum,species,Prosopium,cylindraceum,Prosopium,genus
Coregonus nigripinnis,species,Coregonus,nigripinnis,Coregonus,genus
Coregonus tugun,species,Coregonus,tugun,Coregonus,genus
Coregonus lavaretus,species,Coregonus,lavaretus,Coregonus,genus
Coregonus migratorius,species,Coregonus,migratorius,Coregonus,genus
Coregonus peled,species,Coregonus,peled,Coregonus,genus
Coregonus chadary,species,Coregonus,chadary,Coregonus,genus
Coregonus autumnalis,species,Coregonus,autumnalis,Coregonus,genus
Coregonus zenithicus,species,Coregonus,zenithicus,Coregonus,genus
Coregonus artedi,species,Coregonus,artedi,Coregonus,genus
Coregonus albula,species,Coregonus,albula,Coregonus,genus
Coregonus clupeaformis,species,Coregonus,clupeaformis,Coregonus,genus
Coregonus hoyi,species,Coregonus,hoyi,Coregonus,genus
Coregonus kiyi,species,Coregonus,kiyi,Coregonus,genus
Coregonus zugensis,species,Coregonus,zugensis,Coregonus,genus
Coregonus widegreni,species,Coregonus,widegreni,Coregonus,genus
Coregonus wartmanni,species,Coregonus,wartmanni,Coregonus,genus
Coregonus suidteri,species,Coregonus,suidteri,Coregonus,genus
Coregonus palaea,species,Coregonus,palaea,Coregonus,genus
Coregonus renke,species,Coregonus,renke,Coregonus,genus
Coregonus macrophthalmus,species,Coregonus,macrophthalmus,Coregonus,genus
Coregonus huntsmani,species,Coregonus,huntsmani,Coregonus,genus
Coregonus nobilis,species,Coregonus,nobilis,Coregonus,genus
Coregonus laurettae,species,Coregonus,laurettae,Coregonus,genus
Coregonus albellus,species,Coregonus,albellus,Coregonus,genus
Coregonus arenicolus,species,Coregonus,arenicolus,Coregonus,genus
Coregonus sardinella,species,Coregonus,sardinella,Coregonus,genus
Coregonus alpinus,species,Coregonus,alpinus,Coregonus,genus
Coregonus candidus,species,Coregonus,candidus,Coregonus,genus
Coregonus fontanae,species,Coregonus,fontanae,Coregonus,genus
Coregonus bavaricus,species,Coregonus,bavaricus,Coregonus,genus
Coregonus lucinensis,species,Coregonus,lucinensis,Coregonus,genus
Coregonus confusus,species,Coregonus,confusus,Coregonus,genus
Coregonus ussuriensis,species,Coregonus,ussuriensis,Coregonus,genus
Coregonus fatioi,species,Coregonus,fatioi,Coregonus,genus
Coregonus duplex,species,Coregonus,duplex,Coregonus,genus
Coregonus pidschian,species,Coregonus,pidschian,Coregonus,genus
Coregonus heglingus,species,Coregonus,heglingus,Coregonus,genus
Coregonus muksun,species,Coregonus,muksun,Coregonus,genus
Coregonus pravdinellus,species,Coregonus,pravdinellus,Coregonus,genus
Coregonus oxyrinchus,species,Coregonus,oxyrinchus,Coregonus,genus
Coregonus baerii,species,Coregonus,baerii,Coregonus,genus
Coregonus nasus,species,Coregonus,nasus,Coregonus,genus
Coregonus baunti,species,Coregonus,baunti,Coregonus,genus
Coregonus maraena,species,Coregonus,maraena,Coregonus,genus
Stenodus leucichthys,species,Stenodus,leucichthys,Stenodus,genus
Hucho hucho,species,Hucho,hucho,Hucho,genus
Hucho bleekeri,species,Hucho,bleekeri,Hucho,genus
Hucho taimen,species,Hucho,taimen,Hucho,genus
Parahucho perryi,species,Parahucho,perryi,Parahucho,genus
Salmo labrax,species,Salmo,labrax,Salmo,genus
Salmo carpio,species,Salmo,carpio,Salmo,genus
Salmo trutta,species,Salmo,trutta,Salmo,genus
Salmo letnica,species,Salmo,letnica,Salmo,genus
Salmo marmoratus,species,Salmo,marmoratus,Salmo,genus
Salmo fibreni,species,Salmo,fibreni,Salmo,genus
Salmo obtusirostris,species,Salmo,obtusirostris,Salmo,genus
Salmo salar,species,Salmo,salar,Salmo,genus
Salmo ischchan,species,Salmo,ischchan,Salmo,genus
Salmo platycephalus,species,Salmo,platycephalus,Salmo,genus
Salmo ohridanus,species,Salmo,ohridanus,Salmo,genus
Salvelinus elgyticus,species,Salvelinus,elgyticus,Salvelinus,genus
Salvelinus boganidae,species,Salvelinus,boganidae,Salvelinus,genus
Salvelinus kronocius,species,Salvelinus,kronocius,Salvelinus,genus
Salvelinus drjagini,species,Salvelinus,drjagini,Salvelinus,genus
Salvelinus taranetzi,species,Salvelinus,taranetzi,Salvelinus,genus
Salvelinus schmidti,species,Salvelinus,schmidti,Salvelinus,genus
Salvelinus namaycush,species,Salvelinus,namaycush,Salvelinus,genus
Salvelinus levanidovi,species,Salvelinus,levanidovi,Salvelinus,genus
Salvelinus neiva,species,Salvelinus,neiva,Salvelinus,genus
Salvelinus curilus,species,Salvelinus,curilus,Salvelinus,genus
Salvelinus leucomaenis,species,Salvelinus,leucomaenis,Salvelinus,genus
Salvelinus confluentus,species,Salvelinus,confluentus,Salvelinus,genus
Salvelinus alpinus,species,Salvelinus,alpinus,Salvelinus,genus
Salvelinus malma,species,Salvelinus,malma,Salvelinus,genus
Salvelinus fontinalis,species,Salvelinus,fontinalis,Salvelinus,genus
Salvelinus kuznetzovi,species,Salvelinus,kuznetzovi,Salvelinus,genus
Salvelinus albus,species,Salvelinus,albus,Salvelinus,genus
Oncorhynchus gilae,species,Oncorhynchus,gilae,Oncorhynchus,genus
Oncorhynchus clarkii,species,Oncorhynchus,clarkii,Oncorhynchus,genus
Oncorhynchus tshawytscha,species,Oncorhynchus,tshawytscha,Oncorhynchus,genus
Oncorhynchus chrysogaster,species,Oncorhynchus,chrysogaster,Oncorhynchus,genus
Oncorhynchus keta,species,Oncorhynchus,keta,Oncorhynchus,genus
Oncorhynchus kisutch,species,Oncorhynchus,kisutch,Oncorhynchus,genus
Oncorhynchus gorbuscha,species,Oncorhynchus,gorbuscha,Oncorhynchus,genus
Oncorhynchus mykiss,species,Oncorhynchus,mykiss,Oncorhynchus,genus
Oncorhynchus nerka,species,Oncorhynchus,nerka,Oncorhynchus,genus
Oncorhynchus masou,species,Oncorhynchus,masou,Oncorhynchus,genus
Salvethymus svetovidovi,species,Salvethymus,svetovidovi,Salvethymus,genus
Brachymystax savinovi,species,Brachymystax,savinovi,Brachymystax,genus
Brachymystax lenok,species,Brachymystax,lenok,Brachymystax,genus
Thymallus brevipinnis,species,Thymallus,brevipinnis,Thymallus,genus
Thymallus arcticus,species,Thymallus,arcticus,Thymallus,genus
Thymallus nigrescens,species,Thymallus,nigrescens,Thymallus,genus
Thymallus svetovidovi,species,Thymallus,svetovidovi,Thymallus,genus
Thymallus tugarinae,species,Thymallus,tugarinae,Thymallus,genus
Thymallus brevirostris,species,Thymallus,brevirostris,Thymallus,genus
Thymallus thymallus,species,Thymallus,thymallus,Thymallus,genus
Thymallus grubii,species,Thymallus,grubii,Thymallus,genus
Brachymystax tumensis,species,Brachymystax,tumensis,Brachymystax,genus
Thymallus baicalensis,species,Thymallus,baicalensis,Thymallus,genus
Thymallus pallasii,species,Thymallus,pallasii,Thymallus,genus
Thymallus flacomaculatus,species,Thymallus,flacomaculatus,Thymallus,genus
Thymallus burejensis,species,Thymallus,burejensis,Thymallus,genus
Thymallus baicalolenensis,species,Thymallus,baicalolenensis,Thymallus,genus
Thymallus mertensii,species,Thymallus,mertensii,Thymallus,genus
Stenodus nelma,species,Stenodus,nelma,Stenodus,genus
Hucho ishikawae,species,Hucho,ishikawae,Hucho,genus
Hucho perryi,species,Hucho,perryi,Hucho,genus
Salmo zrmanjaensis,species,Salmo,zrmanjaensis,Salmo,genus
Salmo macedonicus,species,Salmo,macedonicus,Salmo,genus
Salmo caspius,species,Salmo,caspius,Salmo,genus
Salmo pallaryi,species,Salmo,pallaryi,Salmo,genus
Salmo rhodanensis,species,Salmo,rhodanensis,Salmo,genus
Salmo sp. (Fink and Fink 1981),species,Salmo,sp.,Salmo,genus
Salmo taleri,species,Salmo,taleri,Salmo,genus
Salmo aphelios,species,Salmo,aphelios,Salmo,genus
Salmo ferox,species,Salmo,ferox,Salmo,genus
Salmo coruhensis,species,Salmo,coruhensis,Salmo,genus
Salmo stomachicus,species,Salmo,stomachicus,Salmo,genus
Salmo schiefermuelleri,species,Salmo,schiefermuelleri,Salmo,genus
Salmo ezenami,species,Salmo,ezenami,Salmo,genus
Salmo montenigrinus,species,Salmo,montenigrinus,Salmo,genus
Salmo balcanicus,species,Salmo,balcanicus,Salmo,genus
Salmo rizeensis,species,Salmo,rizeensis,Salmo,genus
Salmo farioides,species,Salmo,farioides,Salmo,genus
Salmo lumi,species,Salmo,lumi,Salmo,genus
Salmo akairos,species,Salmo,akairos,Salmo,genus
Salmo dentex,species,Salmo,dentex,Salmo,genus
Salmo peristericus,species,Salmo,peristericus,Salmo,genus
Salmo nigripinnis,species,Salmo,nigripinnis,Salmo,genus
Salmo pelagonicus,species,Salmo,pelagonicus,Salmo,genus
Salmo visovacensis,species,Salmo,visovacensis,Salmo,genus
Salmo cettii,species,Salmo,cettii,Salmo,genus
Salmo ciscaucasicus,species,Salmo,ciscaucasicus,Salmo,genus
Salmo abanticus,species,Salmo,abanticus,Salmo,genus
Coregonus alpenae,species,Coregonus,alpenae,Coregonus,genus
Coregonus sp. (Fink and Fink 1981),species,Coregonus,sp.,Coregonus,genus
Coregonus bezola,species,Coregonus,bezola,Coregonus,genus
Coregonus nipigon,species,Coregonus,nipigon,Coregonus,genus
Coregonus reighardi,species,Coregonus,reighardi,Coregonus,genus
Coregonus vandesius,species,Coregonus,vandesius,Coregonus,genus
Coregonus zuerichensis,species,Coregonus,zuerichensis,Coregonus,genus
Coregonus austriaca,species,Coregonus,austriaca,Coregonus,genus
Coregonus nelsonii,species,Coregonus,nelsonii,Coregonus,genus
Coregonus vessicus,species,Coregonus,vessicus,Coregonus,genus
Coregonus lutokka,species,Coregonus,lutokka,Coregonus,genus
Coregonus maxillaris,species,Coregonus,maxillaris,Coregonus,genus
Coregonus ladogae,species,Coregonus,ladogae,Coregonus,genus
Coregonus subautumnalis,species,Coregonus,subautumnalis,Coregonus,genus
Coregonus kiletz,species,Coregonus,kiletz,Coregonus,genus
Coregonus pennantii,species,Coregonus,pennantii,Coregonus,genus
Coregonus megalops,species,Coregonus,megalops,Coregonus,genus
Coregonus anaulorum,species,Coregonus,anaulorum,Coregonus,genus
Coregonus hiemalis,species,Coregonus,hiemalis,Coregonus,genus
Coregonus restrictus,species,Coregonus,restrictus,Coregonus,genus
Coregonus gutturosus,species,Coregonus,gutturosus,Coregonus,genus
Coregonus pallasii,species,Coregonus,pallasii,Coregonus,genus
Coregonus nilssoni,species,Coregonus,nilssoni,Coregonus,genus
Coregonus johannae,species,Coregonus,johannae,Coregonus,genus
Coregonus balticus,species,Coregonus,balticus,Coregonus,genus
Coregonus pollan,species,Coregonus,pollan,Coregonus,genus
Coregonus danneri,species,Coregonus,danneri,Coregonus,genus
Coregonus trybomi,species,Coregonus,trybomi,Coregonus,genus
Coregonus holsata,species,Coregonus,holsata,Coregonus,genus
Coregonus stigmaticus,species,Coregonus,stigmaticus,Coregonus,genus
Coregonus clupeoides,species,Coregonus,clupeoides,Coregonus,genus
Coregonus atterensis,species,Coregonus,atterensis,Coregonus,genus
Coregonus fera,species,Coregonus,fera,Coregonus,genus
Coregonus hoferi,species,Coregonus,hoferi,Coregonus,genus
Oncorhynchus iwame,species,Oncorhynchus,iwame,Oncorhynchus,genus
Oncorhynchus aguabonita,species,Oncorhynchus,aguabonita,Oncorhynchus,genus
Oncorhynchus penshinensis,species,Oncorhynchus,penshinensis,Oncorhynchus,genus
Salvelinus scharffi,species,Salvelinus,scharffi,Salvelinus,genus
Salvelinus umbla,species,Salvelinus,umbla,Salvelinus,genus
Salvelinus willoughbii,species,Salvelinus,willoughbii,Salvelinus,genus
Salvelinus fimbriatus,species,Salvelinus,fimbriatus,Salvelinus,genus
Salvelinus colii,species,Salvelinus,colii,Salvelinus,genus
Salvelinus gritzenkoi,species,Salvelinus,gritzenkoi,Salvelinus,genus
Salvelinus taimyricus,species,Salvelinus,taimyricus,Salvelinus,genus
Salvelinus faroensis,species,Salvelinus,faroensis,Salvelinus,genus
Salvelinus maxillaris,species,Salvelinus,maxillaris,Salvelinus,genus
Salvelinus mallochi,species,Salvelinus,mallochi,Salvelinus,genus
Salvelinus krogiusae,species,Salvelinus,krogiusae,Salvelinus,genus
Salvelinus evasus,species,Salvelinus,evasus,Salvelinus,genus
Salvelinus youngeri,species,Salvelinus,youngeri,Salvelinus,genus
Salvelinus neocomensis,species,Salvelinus,neocomensis,Salvelinus,genus
Salvelinus vasiljevae,species,Salvelinus,vasiljevae,Salvelinus,genus
Salvelinus tolmachoffi,species,Salvelinus,tolmachoffi,Salvelinus,genus
Salvelinus profundus,species,Salvelinus,profundus,Salvelinus,genus
Salvelinus perisii,species,Salvelinus,perisii,Salvelinus,genus
Salvelinus salvelinoinsularis,species,Salvelinus,salvelinoinsularis,Salvelinus,genus
Salvelinus aureolus,species,Salvelinus,aureolus,Salvelinus,genus
Salvelinus andriashevi,species,Salvelinus,andriashevi,Salvelinus,genus
Salvelinus killinensis,species,Salvelinus,killinensis,Salvelinus,genus
Salvelinus grayi,species,Salvelinus,grayi,Salvelinus,genus
Salvelinus murta,species,Salvelinus,murta,Salvelinus,genus
Salvelinus agassizii,species,Salvelinus,agassizii,Salvelinus,genus
Salvelinus gracillimus,species,Salvelinus,gracillimus,Salvelinus,genus
Salvelinus anaktuvukensis,species,Salvelinus,anaktuvukensis,Salvelinus,genus
Salvelinus obtusus,species,Salvelinus,obtusus,Salvelinus,genus
Salvelinus jacuticus,species,Salvelinus,jacuticus,Salvelinus,genus
Salvelinus struanensis,species,Salvelinus,struanensis,Salvelinus,genus
Salvelinus trevelyani,species,Salvelinus,trevelyani,Salvelinus,genus
Salvelinus lonsdalii,species,Salvelinus,lonsdalii,Salvelinus,genus
Salvelinus thingvallensis,species,Salvelinus,thingvallensis,Salvelinus,genus
Salvelinus lepechini,species,Salvelinus,lepechini,Salvelinus,genus
Salvelinus inframundus,species,Salvelinus,inframundus,Salvelinus,genus
Salvelinus czerskii,species,Salvelinus,czerskii,Salvelinus,genus
